benchId,benchName,variant,machineSku,architecture,configuration,timestamp,iterations,repetition,meanNs,allocBytes,gen0,heapDeltaBytes,counter,counterLabel,status
M1,Mount_Leaf_NoCallback,Direct,LAPTOP-4MEP83VI,Arm64,Release,2026-05-30T06:17:40.3580700+00:00,5000,0,32151.50,3771824,1,1575176,0,,ok
M1,Mount_Leaf_NoCallback,Direct,LAPTOP-4MEP83VI,Arm64,Release,2026-05-30T06:17:40.5820197+00:00,5000,1,35969.04,3772088,1,1575544,0,,ok
M1,Mount_Leaf_NoCallback,Direct,LAPTOP-4MEP83VI,Arm64,Release,2026-05-30T06:17:40.7983133+00:00,5000,2,39812.24,3771824,1,1575320,0,,ok
M1,Mount_Leaf_NoCallback,Direct,LAPTOP-4MEP83VI,Arm64,Release,2026-05-30T06:17:41.0006428+00:00,5000,3,36663.78,3771824,1,1567360,0,,ok
M1,Mount_Leaf_NoCallback,Direct,LAPTOP-4MEP83VI,Arm64,Release,2026-05-30T06:17:41.1964562+00:00,5000,4,34379.20,3771824,1,1575584,0,,ok
M1,Mount_Leaf_NoCallback,ReactorToday,LAPTOP-4MEP83VI,Arm64,Release,2026-05-30T06:17:41.8961715+00:00,5000,0,38777.76,6180504,2,1469824,0,,ok
M1,Mount_Leaf_NoCallback,ReactorToday,LAPTOP-4MEP83VI,Arm64,Release,2026-05-30T06:17:42.1133523+00:00,5000,1,40834.94,6508760,2,2126088,0,,ok
M1,Mount_Leaf_NoCallback,ReactorToday,LAPTOP-4MEP83VI,Arm64,Release,2026-05-30T06:17:42.3509870+00:00,5000,2,43781.68,6344552,2,1961880,0,,ok
M1,Mount_Leaf_NoCallback,ReactorToday,LAPTOP-4MEP83VI,Arm64,Release,2026-05-30T06:17:42.5929299+00:00,5000,3,44035.24,6508760,2,2125824,0,,ok
M1,Mount_Leaf_NoCallback,ReactorToday,LAPTOP-4MEP83VI,Arm64,Release,2026-05-30T06:17:42.8635782+00:00,5000,4,48138.66,6508496,2,2125464,0,,ok
M1,Mount_Leaf_NoCallback,Reactor,LAPTOP-4MEP83VI,Arm64,Release,2026-05-30T06:17:43.5649936+00:00,5000,0,40012.10,6344712,2,1798016,0,,ok
M1,Mount_Leaf_NoCallback,Reactor,LAPTOP-4MEP83VI,Arm64,Release,2026-05-30T06:17:43.8006103+00:00,5000,1,44147.62,6508496,2,2125728,0,,ok
M1,Mount_Leaf_NoCallback,Reactor,LAPTOP-4MEP83VI,Arm64,Release,2026-05-30T06:17:44.0365663+00:00,5000,2,43215.22,6344816,2,1953656,0,,ok
M1,Mount_Leaf_NoCallback,Reactor,LAPTOP-4MEP83VI,Arm64,Release,2026-05-30T06:17:44.2859510+00:00,5000,3,44891.62,6508496,2,2117320,0,,ok
M1,Mount_Leaf_NoCallback,Reactor,LAPTOP-4MEP83VI,Arm64,Release,2026-05-30T06:17:44.5518534+00:00,5000,4,46836.00,6508336,2,2125824,0,,ok
M2,Mount_Leaf_OneCallback,Direct,LAPTOP-4MEP83VI,Arm64,Release,2026-05-30T06:17:45.2709203+00:00,5000,0,42487.04,13393016,3,2229576,0,,ok
M2,Mount_Leaf_OneCallback,Direct,LAPTOP-4MEP83VI,Arm64,Release,2026-05-30T06:17:45.5277095+00:00,5000,1,45475.06,13559024,4,1180744,0,,ok
M2,Mount_Leaf_OneCallback,Direct,LAPTOP-4MEP83VI,Arm64,Release,2026-05-30T06:17:45.8155153+00:00,5000,2,49854.88,13310520,3,2727600,0,,ok
M2,Mount_Leaf_OneCallback,Direct,LAPTOP-4MEP83VI,Arm64,Release,2026-05-30T06:17:46.1393333+00:00,5000,3,53637.92,13556752,3,2365416,0,,ok
M2,Mount_Leaf_OneCallback,Direct,LAPTOP-4MEP83VI,Arm64,Release,2026-05-30T06:17:46.5251244+00:00,5000,4,60927.08,13310520,3,1610640,0,,ok
M2,Mount_Leaf_OneCallback,ReactorToday,LAPTOP-4MEP83VI,Arm64,Release,2026-05-30T06:17:48.3398948+00:00,5000,0,97852.98,17704680,5,7753384,0,,ok
M2,Mount_Leaf_OneCallback,ReactorToday,LAPTOP-4MEP83VI,Arm64,Release,2026-05-30T06:17:49.0184240+00:00,5000,1,98677.04,18105936,4,12437152,0,,ok
M2,Mount_Leaf_OneCallback,ReactorToday,LAPTOP-4MEP83VI,Arm64,Release,2026-05-30T06:17:49.9086538+00:00,5000,2,115190.22,17354552,3,12770400,0,,ok
M2,Mount_Leaf_OneCallback,ReactorToday,LAPTOP-4MEP83VI,Arm64,Release,2026-05-30T06:17:50.8935870+00:00,5000,3,120832.74,21083392,3,13490664,0,,ok
M2,Mount_Leaf_OneCallback,ReactorToday,LAPTOP-4MEP83VI,Arm64,Release,2026-05-30T06:17:52.0212791+00:00,5000,4,128839.04,17339424,3,11154136,0,,ok
M2,Mount_Leaf_OneCallback,Reactor,LAPTOP-4MEP83VI,Arm64,Release,2026-05-30T06:17:55.2541614+00:00,5000,0,102644.52,24965760,2,21867576,0,,ok
M2,Mount_Leaf_OneCallback,Reactor,LAPTOP-4MEP83VI,Arm64,Release,2026-05-30T06:17:56.4768927+00:00,5000,1,95088.74,17246872,2,14148696,0,,ok
M2,Mount_Leaf_OneCallback,Reactor,LAPTOP-4MEP83VI,Arm64,Release,2026-05-30T06:17:57.8086539+00:00,5000,2,97178.68,15134736,2,12036432,0,,ok
M2,Mount_Leaf_OneCallback,Reactor,LAPTOP-4MEP83VI,Arm64,Release,2026-05-30T06:17:59.1686318+00:00,5000,3,88281.98,19776560,2,16741536,0,,ok
M2,Mount_Leaf_OneCallback,Reactor,LAPTOP-4MEP83VI,Arm64,Release,2026-05-30T06:18:00.7464136+00:00,5000,4,108946.88,15059256,2,11272416,0,,ok
M3,Mount_Leaf_ThreeCallbacks,Direct,LAPTOP-4MEP83VI,Arm64,Release,2026-05-30T06:18:06.8736489+00:00,5000,0,337017.70,25848800,7,-5072272,0,,ok
M3,Mount_Leaf_ThreeCallbacks,Direct,LAPTOP-4MEP83VI,Arm64,Release,2026-05-30T06:18:10.1546792+00:00,5000,1,376464.38,32666704,7,8503104,0,,ok
M3,Mount_Leaf_ThreeCallbacks,Direct,LAPTOP-4MEP83VI,Arm64,Release,2026-05-30T06:18:13.7044674+00:00,5000,2,427760.14,27160328,7,3291048,0,,ok
M3,Mount_Leaf_ThreeCallbacks,Direct,LAPTOP-4MEP83VI,Arm64,Release,2026-05-30T06:18:17.4822442+00:00,5000,3,467421.14,31092832,7,7103560,0,,ok
M3,Mount_Leaf_ThreeCallbacks,Direct,LAPTOP-4MEP83VI,Arm64,Release,2026-05-30T06:18:21.4218603+00:00,5000,4,502284.12,27686016,7,3507024,0,,ok
M3,Mount_Leaf_ThreeCallbacks,ReactorToday,LAPTOP-4MEP83VI,Arm64,Release,2026-05-30T06:18:58.2889566+00:00,5000,0,273926.26,40296920,8,22023624,0,,ok
M3,Mount_Leaf_ThreeCallbacks,ReactorToday,LAPTOP-4MEP83VI,Arm64,Release,2026-05-30T06:19:00.1849549+00:00,5000,1,318727.10,40289712,8,21120888,0,,ok
M3,Mount_Leaf_ThreeCallbacks,ReactorToday,LAPTOP-4MEP83VI,Arm64,Release,2026-05-30T06:19:02.4696295+00:00,5000,2,373382.38,40295368,7,23766512,0,,ok
M3,Mount_Leaf_ThreeCallbacks,ReactorToday,LAPTOP-4MEP83VI,Arm64,Release,2026-05-30T06:19:05.1415219+00:00,5000,3,436883.72,40206584,7,24393504,0,,ok
M3,Mount_Leaf_ThreeCallbacks,ReactorToday,LAPTOP-4MEP83VI,Arm64,Release,2026-05-30T06:19:08.3275321+00:00,5000,4,489335.96,46586944,7,28789576,0,,ok
M3,Mount_Leaf_ThreeCallbacks,Reactor,LAPTOP-4MEP83VI,Arm64,Release,2026-05-30T06:19:16.7246302+00:00,5000,0,271814.04,45547616,8,28539488,0,,ok
M3,Mount_Leaf_ThreeCallbacks,Reactor,LAPTOP-4MEP83VI,Arm64,Release,2026-05-30T06:19:18.5964936+00:00,5000,1,313550.04,41591088,7,24163992,0,,ok
M3,Mount_Leaf_ThreeCallbacks,Reactor,LAPTOP-4MEP83VI,Arm64,Release,2026-05-30T06:19:20.9961150+00:00,5000,2,388903.52,40281800,7,21627960,0,,ok
M3,Mount_Leaf_ThreeCallbacks,Reactor,LAPTOP-4MEP83VI,Arm64,Release,2026-05-30T06:19:23.9010113+00:00,5000,3,451487.42,40289440,7,23613304,0,,ok
M3,Mount_Leaf_ThreeCallbacks,Reactor,LAPTOP-4MEP83VI,Arm64,Release,2026-05-30T06:19:27.2418802+00:00,5000,4,527945.80,45539264,7,27732648,0,,ok
M4,Dispatch_Switch_Cold,Direct,LAPTOP-4MEP83VI,Arm64,Release,2026-05-30T06:19:29.8344000+00:00,5000,0,77748.78,4412192,0,4435744,0,,ok
M4,Dispatch_Switch_Cold,Direct,LAPTOP-4MEP83VI,Arm64,Release,2026-05-30T06:19:31.1691669+00:00,5000,1,68956.56,5723016,0,5746496,0,,ok
M4,Dispatch_Switch_Cold,Direct,LAPTOP-4MEP83VI,Arm64,Release,2026-05-30T06:19:32.5074061+00:00,5000,2,74814.22,4412192,0,4435744,0,,ok
M4,Dispatch_Switch_Cold,Direct,LAPTOP-4MEP83VI,Arm64,Release,2026-05-30T06:19:33.9242265+00:00,5000,3,81855.12,4412192,0,4440856,0,,ok
M4,Dispatch_Switch_Cold,Direct,LAPTOP-4MEP83VI,Arm64,Release,2026-05-30T06:19:35.3262430+00:00,5000,4,78757.86,4412192,0,4440856,0,,ok
M4,Dispatch_Switch_Cold,ReactorToday,LAPTOP-4MEP83VI,Arm64,Release,2026-05-30T06:19:39.7373343+00:00,5000,0,142326.30,9345136,1,6673096,0,,ok
M4,Dispatch_Switch_Cold,ReactorToday,LAPTOP-4MEP83VI,Arm64,Release,2026-05-30T06:19:41.3747753+00:00,5000,1,141058.56,9418992,1,6779096,0,,ok
M4,Dispatch_Switch_Cold,ReactorToday,LAPTOP-4MEP83VI,Arm64,Release,2026-05-30T06:19:43.0104999+00:00,5000,2,146819.16,15940112,1,13285976,0,,ok
M4,Dispatch_Switch_Cold,ReactorToday,LAPTOP-4MEP83VI,Arm64,Release,2026-05-30T06:19:44.7451710+00:00,5000,3,143643.42,9386200,1,6731888,0,,ok
M4,Dispatch_Switch_Cold,ReactorToday,LAPTOP-4MEP83VI,Arm64,Release,2026-05-30T06:19:46.5072136+00:00,5000,4,148170.98,9451760,1,6826328,0,,ok
M4,Dispatch_Switch_Cold,Reactor,LAPTOP-4MEP83VI,Arm64,Release,2026-05-30T06:19:57.8922091+00:00,5000,0,117982.04,9414400,5,-4739088,0,,ok
M4,Dispatch_Switch_Cold,Reactor,LAPTOP-4MEP83VI,Arm64,Release,2026-05-30T06:19:58.7137935+00:00,5000,1,141670.64,9439592,7,1606336,0,,ok
M4,Dispatch_Switch_Cold,Reactor,LAPTOP-4MEP83VI,Arm64,Release,2026-05-30T06:19:59.5428051+00:00,5000,2,135840.18,10692416,5,2897736,0,,ok
M4,Dispatch_Switch_Cold,Reactor,LAPTOP-4MEP83VI,Arm64,Release,2026-05-30T06:20:00.4152066+00:00,5000,3,141185.58,9420568,5,2484800,0,,ok
M4,Dispatch_Switch_Cold,Reactor,LAPTOP-4MEP83VI,Arm64,Release,2026-05-30T06:20:01.4080212+00:00,5000,4,158338.88,9568320,5,2635576,0,,ok
M5,Dispatch_Switch_Warm,Direct,LAPTOP-4MEP83VI,Arm64,Release,2026-05-30T06:20:02.6703927+00:00,5000,0,24419.66,4412192,0,4440680,0,,ok
M5,Dispatch_Switch_Warm,Direct,LAPTOP-4MEP83VI,Arm64,Release,2026-05-30T06:20:02.8981990+00:00,5000,1,31717.10,4412192,0,4435672,0,,ok
M5,Dispatch_Switch_Warm,Direct,LAPTOP-4MEP83VI,Arm64,Release,2026-05-30T06:20:03.1671618+00:00,5000,2,34852.84,4412192,0,4440632,0,,ok
M5,Dispatch_Switch_Warm,Direct,LAPTOP-4MEP83VI,Arm64,Release,2026-05-30T06:20:03.4596227+00:00,5000,3,40245.72,4412192,0,4440632,0,,ok
M5,Dispatch_Switch_Warm,Direct,LAPTOP-4MEP83VI,Arm64,Release,2026-05-30T06:20:03.7454719+00:00,5000,4,39314.86,5723016,0,5751456,0,,ok
M5,Dispatch_Switch_Warm,ReactorToday,LAPTOP-4MEP83VI,Arm64,Release,2026-05-30T06:20:06.0393764+00:00,5000,0,127607.40,9427624,6,2049824,0,,ok
M5,Dispatch_Switch_Warm,ReactorToday,LAPTOP-4MEP83VI,Arm64,Release,2026-05-30T06:20:06.8109474+00:00,5000,1,129151.46,14666168,5,2677008,0,,ok
M5,Dispatch_Switch_Warm,ReactorToday,LAPTOP-4MEP83VI,Arm64,Release,2026-05-30T06:20:07.8233133+00:00,5000,2,172683.58,9397840,6,1592784,0,,ok
M5,Dispatch_Switch_Warm,ReactorToday,LAPTOP-4MEP83VI,Arm64,Release,2026-05-30T06:20:08.8895229+00:00,5000,3,176676.08,10759352,7,1595608,0,,ok
M5,Dispatch_Switch_Warm,ReactorToday,LAPTOP-4MEP83VI,Arm64,Release,2026-05-30T06:20:09.9900269+00:00,5000,4,181859.54,9432512,7,1608320,0,,ok
M5,Dispatch_Switch_Warm,Reactor,LAPTOP-4MEP83VI,Arm64,Release,2026-05-30T06:20:12.7582619+00:00,5000,0,99623.60,9441152,6,1796752,0,,ok
M5,Dispatch_Switch_Warm,Reactor,LAPTOP-4MEP83VI,Arm64,Release,2026-05-30T06:20:13.4074958+00:00,5000,1,113605.42,9419632,6,1712896,0,,ok
M5,Dispatch_Switch_Warm,Reactor,LAPTOP-4MEP83VI,Arm64,Release,2026-05-30T06:20:14.1830911+00:00,5000,2,132107.40,10694144,7,1604584,0,,ok
M5,Dispatch_Switch_Warm,Reactor,LAPTOP-4MEP83VI,Arm64,Release,2026-05-30T06:20:15.1375090+00:00,5000,3,163494.56,9712272,7,1529800,0,,ok
M5,Dispatch_Switch_Warm,Reactor,LAPTOP-4MEP83VI,Arm64,Release,2026-05-30T06:20:16.1381285+00:00,5000,4,165368.76,9440944,7,1355328,0,,ok
M6,Dispatch_ExternalType,Direct,LAPTOP-4MEP83VI,Arm64,Release,2026-05-30T06:20:17.5306320+00:00,5000,0,43845.38,3607192,0,3633008,0,,ok
M6,Dispatch_ExternalType,Direct,LAPTOP-4MEP83VI,Arm64,Release,2026-05-30T06:20:17.8414185+00:00,5000,1,42679.76,3607192,0,3627136,0,,ok
M6,Dispatch_ExternalType,Direct,LAPTOP-4MEP83VI,Arm64,Release,2026-05-30T06:20:18.1720785+00:00,5000,2,43813.00,3607192,0,3627120,0,,ok
M6,Dispatch_ExternalType,Direct,LAPTOP-4MEP83VI,Arm64,Release,2026-05-30T06:20:18.5102632+00:00,5000,3,43303.06,3607192,0,3627136,0,,ok
M6,Dispatch_ExternalType,Direct,LAPTOP-4MEP83VI,Arm64,Release,2026-05-30T06:20:18.8470611+00:00,5000,4,41857.00,4918016,0,4937864,0,,ok
M6,Dispatch_ExternalType,ReactorToday,LAPTOP-4MEP83VI,Arm64,Release,2026-05-30T06:20:19.9359443+00:00,5000,0,53808.08,4175088,3,812440,0,,ok
M6,Dispatch_ExternalType,ReactorToday,LAPTOP-4MEP83VI,Arm64,Release,2026-05-30T06:20:20.2640258+00:00,5000,1,58002.20,4183128,3,814776,0,,ok
M6,Dispatch_ExternalType,ReactorToday,LAPTOP-4MEP83VI,Arm64,Release,2026-05-30T06:20:20.5851700+00:00,5000,2,56925.74,4182536,3,820288,0,,ok
M6,Dispatch_ExternalType,ReactorToday,LAPTOP-4MEP83VI,Arm64,Release,2026-05-30T06:20:20.9191975+00:00,5000,3,57552.14,4182536,3,820448,0,,ok
M6,Dispatch_ExternalType,ReactorToday,LAPTOP-4MEP83VI,Arm64,Release,2026-05-30T06:20:21.3257112+00:00,5000,4,70020.06,4182536,3,820432,0,,ok
M6,Dispatch_ExternalType,Reactor,LAPTOP-4MEP83VI,Arm64,Release,2026-05-30T06:20:22.1660725+00:00,5000,0,46315.78,4172168,2,806488,0,,ok
M6,Dispatch_ExternalType,Reactor,LAPTOP-4MEP83VI,Arm64,Release,2026-05-30T06:20:22.5066629+00:00,5000,1,61365.38,4175088,3,812176,0,,ok
M6,Dispatch_ExternalType,Reactor,LAPTOP-4MEP83VI,Arm64,Release,2026-05-30T06:20:22.8287921+00:00,5000,2,54427.36,4175088,3,812168,0,,ok
M6,Dispatch_ExternalType,Reactor,LAPTOP-4MEP83VI,Arm64,Release,2026-05-30T06:20:23.1601622+00:00,5000,3,54952.52,5493920,2,2073816,0,,ok
M6,Dispatch_ExternalType,Reactor,LAPTOP-4MEP83VI,Arm64,Release,2026-05-30T06:20:23.5392502+00:00,5000,4,61256.32,4175088,3,812136,0,,ok
M7,Update_NoChange,Direct,LAPTOP-4MEP83VI,Arm64,Release,2026-05-30T06:20:49.0889535+00:00,5000,0,1705280.80,122599664,30,4152456,0,,ok
M7,Update_NoChange,Direct,LAPTOP-4MEP83VI,Arm64,Release,2026-05-30T06:20:57.5290605+00:00,5000,1,1680497.70,122599664,30,4152456,0,,ok
M7,Update_NoChange,Direct,LAPTOP-4MEP83VI,Arm64,Release,2026-05-30T06:21:06.5413242+00:00,5000,2,1792833.90,122599664,30,4152456,0,,ok
M7,Update_NoChange,Direct,LAPTOP-4MEP83VI,Arm64,Release,2026-05-30T06:21:15.2893971+00:00,5000,3,1739612.60,122599664,30,4152456,0,,ok
M7,Update_NoChange,Direct,LAPTOP-4MEP83VI,Arm64,Release,2026-05-30T06:21:24.1854147+00:00,5000,4,1767151.40,122599664,30,4160680,0,,ok
M7,Update_NoChange,ReactorToday,LAPTOP-4MEP83VI,Arm64,Release,2026-05-30T06:21:24.9142248+00:00,5000,0,22743.86,996032,0,1011528,0,,ok
M7,Update_NoChange,ReactorToday,LAPTOP-4MEP83VI,Arm64,Release,2026-05-30T06:21:25.0837050+00:00,5000,1,24106.50,996032,0,1011528,0,,ok
M7,Update_NoChange,ReactorToday,LAPTOP-4MEP83VI,Arm64,Release,2026-05-30T06:21:25.2413510+00:00,5000,2,23225.66,996032,0,1011528,0,,ok
M7,Update_NoChange,ReactorToday,LAPTOP-4MEP83VI,Arm64,Release,2026-05-30T06:21:25.3933062+00:00,5000,3,21739.86,996032,0,1011528,0,,ok
M7,Update_NoChange,ReactorToday,LAPTOP-4MEP83VI,Arm64,Release,2026-05-30T06:21:25.5306634+00:00,5000,4,18325.04,996032,0,1011528,0,,ok
M7,Update_NoChange,Reactor,LAPTOP-4MEP83VI,Arm64,Release,2026-05-30T06:21:26.0155574+00:00,5000,0,21054.62,996032,0,1011528,0,,ok
M7,Update_NoChange,Reactor,LAPTOP-4MEP83VI,Arm64,Release,2026-05-30T06:21:26.1751691+00:00,5000,1,22862.00,996032,0,1011528,0,,ok
M7,Update_NoChange,Reactor,LAPTOP-4MEP83VI,Arm64,Release,2026-05-30T06:21:26.3204663+00:00,5000,2,20373.38,996032,0,1011528,0,,ok
M7,Update_NoChange,Reactor,LAPTOP-4MEP83VI,Arm64,Release,2026-05-30T06:21:26.4790921+00:00,5000,3,23252.18,996032,0,1011528,0,,ok
M7,Update_NoChange,Reactor,LAPTOP-4MEP83VI,Arm64,Release,2026-05-30T06:21:26.6340685+00:00,5000,4,21752.14,2306856,0,2322216,0,,ok
M8,Update_OneLeafChanged,Direct,LAPTOP-4MEP83VI,Arm64,Release,2026-05-30T06:21:26.9760736+00:00,5000,0,7879.58,915536,0,929352,0,,ok
M8,Update_OneLeafChanged,Direct,LAPTOP-4MEP83VI,Arm64,Release,2026-05-30T06:21:27.0506522+00:00,5000,1,7654.38,915536,0,929232,0,,ok
M8,Update_OneLeafChanged,Direct,LAPTOP-4MEP83VI,Arm64,Release,2026-05-30T06:21:27.1272434+00:00,5000,2,7827.46,915536,0,929232,0,,ok
M8,Update_OneLeafChanged,Direct,LAPTOP-4MEP83VI,Arm64,Release,2026-05-30T06:21:27.2018391+00:00,5000,3,7363.42,915536,0,929232,0,,ok
M8,Update_OneLeafChanged,Direct,LAPTOP-4MEP83VI,Arm64,Release,2026-05-30T06:21:27.2794199+00:00,5000,4,7360.72,915536,0,929232,0,,ok
M8,Update_OneLeafChanged,ReactorToday,LAPTOP-4MEP83VI,Arm64,Release,2026-05-30T06:21:27.6208161+00:00,5000,0,11558.82,1807872,0,1825768,0,,ok
M8,Update_OneLeafChanged,ReactorToday,LAPTOP-4MEP83VI,Arm64,Release,2026-05-30T06:21:27.7078539+00:00,5000,1,9811.84,1807872,0,1825624,0,,ok
M8,Update_OneLeafChanged,ReactorToday,LAPTOP-4MEP83VI,Arm64,Release,2026-05-30T06:21:27.7920869+00:00,5000,2,8414.10,1807872,0,1825704,0,,ok
M8,Update_OneLeafChanged,ReactorToday,LAPTOP-4MEP83VI,Arm64,Release,2026-05-30T06:21:27.8787673+00:00,5000,3,9238.38,1807872,0,1825704,0,,ok
M8,Update_OneLeafChanged,ReactorToday,LAPTOP-4MEP83VI,Arm64,Release,2026-05-30T06:21:27.9658710+00:00,5000,4,8983.84,1807872,0,1825704,0,,ok
M8,Update_OneLeafChanged,Reactor,LAPTOP-4MEP83VI,Arm64,Release,2026-05-30T06:21:28.3076386+00:00,5000,0,8895.10,1807872,0,1825704,0,,ok
M8,Update_OneLeafChanged,Reactor,LAPTOP-4MEP83VI,Arm64,Release,2026-05-30T06:21:28.4054536+00:00,5000,1,10005.18,1807872,0,1825704,0,,ok
M8,Update_OneLeafChanged,Reactor,LAPTOP-4MEP83VI,Arm64,Release,2026-05-30T06:21:28.4910962+00:00,5000,2,9258.18,1807872,0,1825624,0,,ok
M8,Update_OneLeafChanged,Reactor,LAPTOP-4MEP83VI,Arm64,Release,2026-05-30T06:21:28.5743037+00:00,5000,3,8901.86,1807872,0,1825704,0,,ok
M8,Update_OneLeafChanged,Reactor,LAPTOP-4MEP83VI,Arm64,Release,2026-05-30T06:21:28.6637158+00:00,5000,4,9229.44,1807872,0,1825704,0,,ok
M9,Update_AllChanged,Direct,LAPTOP-4MEP83VI,Arm64,Release,2026-05-30T06:21:35.2450629+00:00,2000,0,932325.20,96678016,22,3166616,0,,ok
M9,Update_AllChanged,Direct,LAPTOP-4MEP83VI,Arm64,Release,2026-05-30T06:21:37.0797120+00:00,2000,1,897738.70,96678016,22,3183376,0,,ok
M9,Update_AllChanged,Direct,LAPTOP-4MEP83VI,Arm64,Release,2026-05-30T06:21:38.8915531+00:00,2000,2,900973.65,96678016,22,3166616,0,,ok
M9,Update_AllChanged,Direct,LAPTOP-4MEP83VI,Arm64,Release,2026-05-30T06:21:40.7157459+00:00,2000,3,905227.25,96636952,22,3084432,0,,ok
M9,Update_AllChanged,Direct,LAPTOP-4MEP83VI,Arm64,Release,2026-05-30T06:21:42.5741821+00:00,2000,4,922009.90,96678016,22,3158392,0,,ok
M9,Update_AllChanged,ReactorToday,LAPTOP-4MEP83VI,Arm64,Release,2026-05-30T06:21:59.9305830+00:00,2000,0,3153542.75,368894200,87,4030688,0,,ok
M9,Update_AllChanged,ReactorToday,LAPTOP-4MEP83VI,Arm64,Release,2026-05-30T06:22:06.1853672+00:00,2000,1,3113011.10,368976224,87,4194952,0,,ok
M9,Update_AllChanged,ReactorToday,LAPTOP-4MEP83VI,Arm64,Release,2026-05-30T06:22:12.3763199+00:00,2000,2,3082545.30,368812072,87,3866480,0,,ok
M9,Update_AllChanged,ReactorToday,LAPTOP-4MEP83VI,Arm64,Release,2026-05-30T06:22:18.5444488+00:00,2000,3,3070901.70,368894200,87,4030688,0,,ok
M9,Update_AllChanged,ReactorToday,LAPTOP-4MEP83VI,Arm64,Release,2026-05-30T06:22:24.7542797+00:00,2000,4,3092019.95,368812072,87,3866480,0,,ok
M9,Update_AllChanged,Reactor,LAPTOP-4MEP83VI,Arm64,Release,2026-05-30T06:22:34.3452027+00:00,2000,0,1575567.25,368812072,87,3866320,0,,ok
M9,Update_AllChanged,Reactor,LAPTOP-4MEP83VI,Arm64,Release,2026-05-30T06:22:37.5376466+00:00,2000,1,1588456.25,369058144,87,4351048,0,,ok
M9,Update_AllChanged,Reactor,LAPTOP-4MEP83VI,Arm64,Release,2026-05-30T06:22:43.5981675+00:00,2000,2,3023963.10,368812072,87,3866480,0,,ok
M9,Update_AllChanged,Reactor,LAPTOP-4MEP83VI,Arm64,Release,2026-05-30T06:22:49.8987228+00:00,2000,3,3137302.05,368812072,87,3858256,0,,ok
M9,Update_AllChanged,Reactor,LAPTOP-4MEP83VI,Arm64,Release,2026-05-30T06:22:56.1126722+00:00,2000,4,3090905.35,368812336,87,3866744,0,,ok
M10,EventHandlerState_Alloc,Direct,LAPTOP-4MEP83VI,Arm64,Release,2026-05-30T06:22:56.8850820+00:00,1000,0,34520.90,2958312,0,2977344,0,,ok
M10,EventHandlerState_Alloc,Direct,LAPTOP-4MEP83VI,Arm64,Release,2026-05-30T06:22:56.9517087+00:00,1000,1,31895.70,2958312,0,2968752,0,,ok
M10,EventHandlerState_Alloc,Direct,LAPTOP-4MEP83VI,Arm64,Release,2026-05-30T06:22:56.9959240+00:00,1000,2,33678.40,2958312,0,2977320,0,,ok
M10,EventHandlerState_Alloc,Direct,LAPTOP-4MEP83VI,Arm64,Release,2026-05-30T06:22:57.0420226+00:00,1000,3,33814.00,2958312,0,2977320,0,,ok
M10,EventHandlerState_Alloc,Direct,LAPTOP-4MEP83VI,Arm64,Release,2026-05-30T06:22:57.0899411+00:00,1000,4,33838.60,2958312,0,2977320,0,,ok
M10,EventHandlerState_Alloc,ReactorToday,LAPTOP-4MEP83VI,Arm64,Release,2026-05-30T06:22:57.3176695+00:00,1000,0,41999.20,3575080,0,3593432,0,,ok
M10,EventHandlerState_Alloc,ReactorToday,LAPTOP-4MEP83VI,Arm64,Release,2026-05-30T06:22:57.3808777+00:00,1000,1,40383.60,3534016,0,3552376,0,,ok
M10,EventHandlerState_Alloc,ReactorToday,LAPTOP-4MEP83VI,Arm64,Release,2026-05-30T06:22:57.4499007+00:00,1000,2,44279.30,3575080,0,3584928,0,,ok
M10,EventHandlerState_Alloc,ReactorToday,LAPTOP-4MEP83VI,Arm64,Release,2026-05-30T06:22:57.5227658+00:00,1000,3,49239.60,3534016,0,3552416,0,,ok
M10,EventHandlerState_Alloc,ReactorToday,LAPTOP-4MEP83VI,Arm64,Release,2026-05-30T06:22:57.5950310+00:00,1000,4,47422.00,3575080,0,3593432,0,,ok
M10,EventHandlerState_Alloc,Reactor,LAPTOP-4MEP83VI,Arm64,Release,2026-05-30T06:22:57.8415351+00:00,1000,0,41096.20,3329008,0,3338880,0,,ok
M10,EventHandlerState_Alloc,Reactor,LAPTOP-4MEP83VI,Arm64,Release,2026-05-30T06:22:57.9017719+00:00,1000,1,45718.40,3779776,0,3798064,0,,ok
M10,EventHandlerState_Alloc,Reactor,LAPTOP-4MEP83VI,Arm64,Release,2026-05-30T06:22:57.9638411+00:00,1000,2,43408.00,3329008,0,3347384,0,,ok
M10,EventHandlerState_Alloc,Reactor,LAPTOP-4MEP83VI,Arm64,Release,2026-05-30T06:22:58.0223481+00:00,1000,3,41781.80,3287944,0,3306368,0,,ok
M10,EventHandlerState_Alloc,Reactor,LAPTOP-4MEP83VI,Arm64,Release,2026-05-30T06:22:58.0849337+00:00,1000,4,45245.60,3329008,0,3347424,0,,ok
M11,ModifierEHS_Frequency,Direct,LAPTOP-4MEP83VI,Arm64,Release,2026-05-30T06:22:58.1644158+00:00,1000,0,83.10,40,0,8224,0,,ok
M11,ModifierEHS_Frequency,Direct,LAPTOP-4MEP83VI,Arm64,Release,2026-05-30T06:22:58.1662856+00:00,1000,1,23.40,40,0,8224,0,,ok
M11,ModifierEHS_Frequency,Direct,LAPTOP-4MEP83VI,Arm64,Release,2026-05-30T06:22:58.1682302+00:00,1000,2,22.10,40,0,8224,0,,ok
M11,ModifierEHS_Frequency,Direct,LAPTOP-4MEP83VI,Arm64,Release,2026-05-30T06:22:58.1703016+00:00,1000,3,20.80,40,0,8224,0,,ok
M11,ModifierEHS_Frequency,Direct,LAPTOP-4MEP83VI,Arm64,Release,2026-05-30T06:22:58.1721363+00:00,1000,4,20.10,40,0,8224,0,,ok
M11,ModifierEHS_Frequency,ReactorToday,LAPTOP-4MEP83VI,Arm64,Release,2026-05-30T06:22:58.3372503+00:00,1000,0,38087.30,1619056,0,1634024,-1,ModifierEHSAllocations,ok
M11,ModifierEHS_Frequency,ReactorToday,LAPTOP-4MEP83VI,Arm64,Release,2026-05-30T06:22:58.3853913+00:00,1000,1,36577.30,1610840,0,1620128,-1,ModifierEHSAllocations,ok
M11,ModifierEHS_Frequency,ReactorToday,LAPTOP-4MEP83VI,Arm64,Release,2026-05-30T06:22:58.4357609+00:00,1000,2,38521.30,1610840,0,1628496,-1,ModifierEHSAllocations,ok
M11,ModifierEHS_Frequency,ReactorToday,LAPTOP-4MEP83VI,Arm64,Release,2026-05-30T06:22:58.4873211+00:00,1000,3,37825.30,1627248,0,1644952,-1,ModifierEHSAllocations,ok
M11,ModifierEHS_Frequency,ReactorToday,LAPTOP-4MEP83VI,Arm64,Release,2026-05-30T06:22:58.5426192+00:00,1000,4,42017.40,2102672,0,2117312,-1,ModifierEHSAllocations,ok
M11,ModifierEHS_Frequency,Reactor,LAPTOP-4MEP83VI,Arm64,Release,2026-05-30T06:22:59.1779689+00:00,1000,0,32680.00,1538200,0,1554464,-1,ModifierEHSAllocations,ok
M11,ModifierEHS_Frequency,Reactor,LAPTOP-4MEP83VI,Arm64,Release,2026-05-30T06:22:59.2293340+00:00,1000,1,33282.80,1565768,0,1579104,-1,ModifierEHSAllocations,ok
M11,ModifierEHS_Frequency,Reactor,LAPTOP-4MEP83VI,Arm64,Release,2026-05-30T06:22:59.2808595+00:00,1000,2,32607.60,1538464,0,1554488,-1,ModifierEHSAllocations,ok
M11,ModifierEHS_Frequency,Reactor,LAPTOP-4MEP83VI,Arm64,Release,2026-05-30T06:22:59.3365090+00:00,1000,3,36015.20,2024808,0,2038024,-1,ModifierEHSAllocations,ok
M11,ModifierEHS_Frequency,Reactor,LAPTOP-4MEP83VI,Arm64,Release,2026-05-30T06:22:59.3950159+00:00,1000,4,36611.60,1538200,0,1554512,-1,ModifierEHSAllocations,ok
M12,Pool_Rent_HotPath,Direct,LAPTOP-4MEP83VI,Arm64,Release,2026-05-30T06:23:00.0445350+00:00,1000,0,25423.20,727272,0,737344,0,,ok
M12,Pool_Rent_HotPath,Direct,LAPTOP-4MEP83VI,Arm64,Release,2026-05-30T06:23:00.0795872+00:00,1000,1,25283.90,727272,0,739944,0,,ok
M12,Pool_Rent_HotPath,Direct,LAPTOP-4MEP83VI,Arm64,Release,2026-05-30T06:23:00.1153578+00:00,1000,2,26145.60,727272,0,739944,0,,ok
M12,Pool_Rent_HotPath,Direct,LAPTOP-4MEP83VI,Arm64,Release,2026-05-30T06:23:00.1508259+00:00,1000,3,25656.70,891216,0,904032,0,,ok
M12,Pool_Rent_HotPath,Direct,LAPTOP-4MEP83VI,Arm64,Release,2026-05-30T06:23:00.1871539+00:00,1000,4,26527.60,727536,0,740128,0,,ok
M12,Pool_Rent_HotPath,ReactorToday,LAPTOP-4MEP83VI,Arm64,Release,2026-05-30T06:23:00.3585454+00:00,1000,0,33367.50,1207720,0,1225232,0,,ok
M12,Pool_Rent_HotPath,ReactorToday,LAPTOP-4MEP83VI,Arm64,Release,2026-05-30T06:23:00.3976674+00:00,1000,1,32213.30,1207720,0,1225232,0,,ok
M12,Pool_Rent_HotPath,ReactorToday,LAPTOP-4MEP83VI,Arm64,Release,2026-05-30T06:23:00.4382482+00:00,1000,2,33870.50,1207720,0,1225320,0,,ok
M12,Pool_Rent_HotPath,ReactorToday,LAPTOP-4MEP83VI,Arm64,Release,2026-05-30T06:23:00.4798594+00:00,1000,3,33695.00,1535608,0,1553144,0,,ok
M12,Pool_Rent_HotPath,ReactorToday,LAPTOP-4MEP83VI,Arm64,Release,2026-05-30T06:23:00.5220784+00:00,1000,4,33080.60,1371664,0,1389248,0,,ok
M12,Pool_Rent_HotPath,Reactor,LAPTOP-4MEP83VI,Arm64,Release,2026-05-30T06:23:00.6510066+00:00,1000,0,33435.10,1207984,0,1225288,0,,ok
M12,Pool_Rent_HotPath,Reactor,LAPTOP-4MEP83VI,Arm64,Release,2026-05-30T06:23:00.6893664+00:00,1000,1,32032.10,1207720,0,1225320,0,,ok
M12,Pool_Rent_HotPath,Reactor,LAPTOP-4MEP83VI,Arm64,Release,2026-05-30T06:23:00.7296304+00:00,1000,2,33033.80,1207720,0,1217152,0,,ok
M12,Pool_Rent_HotPath,Reactor,LAPTOP-4MEP83VI,Arm64,Release,2026-05-30T06:23:00.7698518+00:00,1000,3,34080.90,1207720,0,1225272,0,,ok
M12,Pool_Rent_HotPath,Reactor,LAPTOP-4MEP83VI,Arm64,Release,2026-05-30T06:23:00.8324973+00:00,1000,4,40143.10,1535608,0,1553144,0,,ok
M13,Setters_Suppression_Scope,Direct,LAPTOP-4MEP83VI,Arm64,Release,2026-05-30T06:23:00.8554312+00:00,1000,0,62.70,24040,0,25096,0,,ok
M13,Setters_Suppression_Scope,Direct,LAPTOP-4MEP83VI,Arm64,Release,2026-05-30T06:23:00.8583401+00:00,1000,1,20.80,24040,0,24672,0,,ok
M13,Setters_Suppression_Scope,Direct,LAPTOP-4MEP83VI,Arm64,Release,2026-05-30T06:23:00.8601287+00:00,1000,2,19.70,24040,0,24672,0,,ok
M13,Setters_Suppression_Scope,Direct,LAPTOP-4MEP83VI,Arm64,Release,2026-05-30T06:23:00.8616758+00:00,1000,3,53.50,24040,0,24672,0,,ok
M13,Setters_Suppression_Scope,Direct,LAPTOP-4MEP83VI,Arm64,Release,2026-05-30T06:23:00.8646573+00:00,1000,4,20.70,24040,0,24672,0,,ok
M13,Setters_Suppression_Scope,ReactorToday,LAPTOP-4MEP83VI,Arm64,Release,2026-05-30T06:23:00.8747608+00:00,1000,0,115.10,29320,0,45104,0,OnIsOnChangedFireCount,ok
M13,Setters_Suppression_Scope,ReactorToday,LAPTOP-4MEP83VI,Arm64,Release,2026-05-30T06:23:00.8765320+00:00,1000,1,99.30,29320,0,41096,0,OnIsOnChangedFireCount,ok
M13,Setters_Suppression_Scope,ReactorToday,LAPTOP-4MEP83VI,Arm64,Release,2026-05-30T06:23:00.8781724+00:00,1000,2,92.30,29584,0,45104,0,OnIsOnChangedFireCount,ok
M13,Setters_Suppression_Scope,ReactorToday,LAPTOP-4MEP83VI,Arm64,Release,2026-05-30T06:23:00.8800078+00:00,1000,3,123.20,29320,0,36928,0,OnIsOnChangedFireCount,ok
M13,Setters_Suppression_Scope,ReactorToday,LAPTOP-4MEP83VI,Arm64,Release,2026-05-30T06:23:00.8827153+00:00,1000,4,103.90,29320,0,32896,0,OnIsOnChangedFireCount,ok
M13,Setters_Suppression_Scope,Reactor,LAPTOP-4MEP83VI,Arm64,Release,2026-05-30T06:23:00.8913809+00:00,1000,0,128.70,29320,0,45128,0,OnIsOnChangedFireCount,ok
M13,Setters_Suppression_Scope,Reactor,LAPTOP-4MEP83VI,Arm64,Release,2026-05-30T06:23:00.8938479+00:00,1000,1,92.50,29320,0,41096,0,OnIsOnChangedFireCount,ok
M13,Setters_Suppression_Scope,Reactor,LAPTOP-4MEP83VI,Arm64,Release,2026-05-30T06:23:00.8956291+00:00,1000,2,80.50,29320,0,32896,0,OnIsOnChangedFireCount,ok
M13,Setters_Suppression_Scope,Reactor,LAPTOP-4MEP83VI,Arm64,Release,2026-05-30T06:23:00.8979304+00:00,1000,3,700.20,29320,0,32896,0,OnIsOnChangedFireCount,ok
M13,Setters_Suppression_Scope,Reactor,LAPTOP-4MEP83VI,Arm64,Release,2026-05-30T06:23:00.8995586+00:00,1000,4,100.90,29320,0,45104,0,OnIsOnChangedFireCount,ok
